Workbook
Name DayRails: StartDateWindow+ROW('Project timeline'!$1:$9)-1
Name GridCalc: IFERROR(calcs!$A1/SUMPRODUCT( (Activities[Id]=calcs!$C1)*(Activities[Start]<=calcs!A$31)*((Activities[End]>=calcs!A$31)+(LEN(Activities[End])=0)*(Activities[Start]=calcs!A$31)) ),NA())
Name GridCalc: IFERROR(calcs!$A1/SUMPRODUCT( (Activities[Id]=calcs!$C1)*(Activities[Start]<=calcs!A$31)*((Activities[End]>=calcs!A$31)+(LEN(Activities[End])=0)*(Activities[Start]=calcs!A$31)) ),NA())
Name RowTitleRegion1..D3: 'Project timeline'!$D$2
Name StartDate: calcs!$D$28
Name StartDateWindow: calcs!$D$25
Name Title1: Activities[[#Headers],[Deadline ]]
Name Title1: Activities[[#Headers],[Deadline ]]
Name WindowDays: calcs!$D$29
Name WindowOffset: calcs!$D$26

Sheet Project timeline
C1: T2 Project Timeline
D2: Start Date | F2: 45992
C4: Chart showing project activities with a scrollable timeline is in this cell.
B6: Id | C6: Deadline | D6: Start | E6: End | F6: Notes | G6: Done?
B7: =ROW(B7)-calcs!$D$5 -> -15 | C7: Project Start | D7: 45992
B8: =ROW(B8)-calcs!$D$5 -> -14 | C8: STAGE ONE | D8: 45992
B9: =ROW(B9)-calcs!$D$5 -> -13 | C9: Initial project proposal "lite" due | D9: 45992 | F9: 11:00:00 PM on Canvas | G9: TRUE
B10: =ROW(B10)-calcs!$D$5 -> -12 | C10: Time to consult with faculty | D10: 45995 | F10: 11:30:00 AM -12:30:00 PM | G10: TRUE
B11: =ROW(B11)-calcs!$D$5 -> -11 | C11: Initial full project proposal due | D11: 46028 | F11: 11:00:00 PM on Canvas | G11: TRUE
B12: =ROW(B12)-calcs!$D$5 -> -10 | C12: STAGE TWO | D12: 46041
B13: =ROW(B13)-calcs!$D$5 -> -9 | C13: Informal 1 on 1 meeting with mentor | D13: 46041 | E13: 46045 | F13: Self-scheduled, requireed | G13: TRUE
B14: =ROW(B14)-calcs!$D$5 -> -8 | C14: Formal round table meeting with mentor | D14: 46048 | E14: 46052 | F14: Mentor will schedule, required | G14: TRUE
B15: =ROW(B15)-calcs!$D$5 -> -7 | C15: Submission of one-page update | D15: 46061 | F15: 11:00:00 PM on Canvas | G15: TRUE
B16: =ROW(B16)-calcs!$D$5 -> -6 | C16: Informal 1 on 1 meeting with mentor | D16: 46063 | E16: 46067 | F16: Self-scheduled, requireed | G16: TRUE
B17: =ROW(B17)-calcs!$D$5 -> -5 | C17: Methods and data analysis due | D17: =D16+15 -> 46078 | E17: =Activities[[#This Row],[Start]]+5 -> 46083 | F17: 11:00:00 PM on Canvas | G17: TRUE
B18: =ROW(B18)-calcs!$D$5 -> -4 | C18: Formal round table meeting with mentor | D18: 46076 | E18: 46080 | F18: Mentor will schedule, required | G18: TRUE
B19: =ROW(B19)-calcs!$D$5 -> -3 | C19: STAGE THREE | D19: 46076
B20: =ROW(B20)-calcs!$D$5 -> -2 | C20: Initial report due for peer review | D20: 46095 | F20: 11:00:00 PM on ComPAIR | G20: FALSE
B21: =ROW(B21)-calcs!$D$5 -> -1 | C21: Peer review feedback due | F21: 11:00:00 PM on ComPAIR | G21: FALSE
B22: =ROW(B22)-calcs!$D$5 -> 0 | C22: Conference abstract due | D22: 46101 | F22: 11:00:00 PM on ComPAIR | G22: FALSE
B23: =ROW(B23)-calcs!$D$5 -> 1 | C23: Check in with mentor | D23: 46097 | E23: 46101 | F23: Self-scheduled, requireed | G23: FALSE
B24: =ROW(B24)-calcs!$D$5 -> 2 | C24: STAGE FOUR | D24: 46108
B25: =ROW(B25)-calcs!$D$5 -> 3 | C25: T2 Conference | D25: 46108 | E25: 46110 | F25: Loon Lake | G25: FALSE
B26: =ROW(B26)-calcs!$D$5 -> 4 | C26: Final check-in with mentor | D26: 46111 | E26: 46114 | F26: Self-scheduled, requireed | G26: FALSE
B27: =ROW(B27)-calcs!$D$5 -> 5 | C27: Final repor due (with lettter to the editor) | D27: 46119 | F27: 11:00:00 PM on Canvas | G27: FALSE
B28: =ROW(B28)-calcs!$D$5 -> 6 | C28: Project End | D28: 46119

Sheet Tasks
B1: TASK LIST
B2: TASKS | C2: START DATE | D2: DUE DATE | E2: % COMPLETE | F2: DONE | G2: NOTES | H2: ASSIGNED TO
B3: Chemicals from Guillaume | C3: N/A | D3: 45995 | E3: 1 | F3: =--(Tasks[[#This Row],[% COMPLETE]]>=1) -> 1 | G3: KOH(s) in Oli cabinets | H3: Both
B4: Meet with Dr. Harley | C4: 46008 | D4: 46008 | E4: 1 | F4: =--(Tasks[[#This Row],[% COMPLETE]]>=1) -> 1 | G4: 3:00pm in BRC 6017 | H4: Both
B5: Meet with Julie | C5: 46028 | D5: 46028 | E5: 1 | F5: =--(Tasks[[#This Row],[% COMPLETE]]>=1) -> 1 | G5: 12:30 in Oliver Room | H5: Both
B6: Initial field work with Julie | C6: 46033 | D6: 46033 | E6: 1 | F6: =--(Tasks[[#This Row],[% COMPLETE]]>=1) -> 1 | G6: Meet 5:15 outside IKB facing Nest/LIFE, bring headlamp/flashlight | H6: Both
B7: Talk to Nic, Julie, Carl from Harley Lab | C7: 46008 | D7: 46042 | E7: 1 | F7: =--(Tasks[[#This Row],[% COMPLETE]]>=1) -> 1 | H7: Both
B8: RD1 Pilot | C8: 46010 | D8: 46050 | E8: 1 | F8: =--(Tasks[[#This Row],[% COMPLETE]]>=1) -> 1 | G8: A smaller round to test/optimize processes | H8: Both
B9: Wreck Beach Collection | C9: 46052 | D9: 46058 | E9: 1 | F9: =--(Tasks[[#This Row],[% COMPLETE]]>=1) -> 1
B10: WB Dissection | C10: 46055 | D10: 46059 | E10: 1 | F10: =--(Tasks[[#This Row],[% COMPLETE]]>=1) -> 1 | G10: Placeholder date until scheduled
B11: Kits Beach Collection | C11: 46052 | D11: 46060 | E11: 1 | F11: =--(Tasks[[#This Row],[% COMPLETE]]>=1) -> 1 | G11: Placeholder date until scheduled
B12: Progress Report | C12: 46052 | D12: 46061 | E12: 1 | F12: =--(Tasks[[#This Row],[% COMPLETE]]>=1) -> 1
B13: WB Digestion | C13: 46057 | D13: 46061 | E13: 1 | F13: =--(Tasks[[#This Row],[% COMPLETE]]>=1) -> 1
B14: WB Drying | C14: 46058 | D14: 46064 | E14: 1 | F14: =--(Tasks[[#This Row],[% COMPLETE]]>=1) -> 1 | G14: need filter paper
B15: WB Analysis | C15: 46057 | D15: 46065 | E15: 1 | F15: =--(Tasks[[#This Row],[% COMPLETE]]>=1) -> 1
B16: KB Dissection | C16: 46057 | D16: 46065 | E16: 1 | F16: =--(Tasks[[#This Row],[% COMPLETE]]>=1) -> 1
B17: KB Digestion | C17: 46057 | D17: 46067 | E17: 1 | F17: =--(Tasks[[#This Row],[% COMPLETE]]>=1) -> 1
B18: English Bay Collection | C18: 46052 | D18: 46070 | E18: 1 | F18: =--(Tasks[[#This Row],[% COMPLETE]]>=1) -> 1
B19: Lions Bay Collection | C19: 46052 | D19: 46075 | E19: 1 | F19: =--(Tasks[[#This Row],[% COMPLETE]]>=1) -> 1 | G19: Placeholder date until scheduled
B20: Brunswick Beach Collection | C20: 46052 | D20: 46075 | E20: 1 | F20: =--(Tasks[[#This Row],[% COMPLETE]]>=1) -> 1 | G20: Placeholder date until scheduled
B21: Porteau Cove Collection | C21: 46052 | D21: =D19 -> 46075 | E21: 1 | F21: =--(Tasks[[#This Row],[% COMPLETE]]>=1) -> 1 | G21: Placeholder date until scheduled
B22: SB Dissection | C22: 46057 | D22: 46076 | E22: 1 | F22: =--(Tasks[[#This Row],[% COMPLETE]]>=1) -> 1 | G22: Placeholder date until scheduled
B23: BB Dissection | C23: 46057 | D23: 46076 | E23: 1 | F23: =--(Tasks[[#This Row],[% COMPLETE]]>=1) -> 1 | G23: Placeholder date until scheduled
B24: EB Dissection | C24: 46057 | D24: 46077 | E24: 1 | F24: =--(Tasks[[#This Row],[% COMPLETE]]>=1) -> 1
B25: EB Digestion | C25: 46057 | D25: 46077 | E25: 1 | F25: =--(Tasks[[#This Row],[% COMPLETE]]>=1) -> 1
B26: Methods Draft and Data Analysis | C26: 46052 | D26: 46078 | E26: 1 | F26: =--(Tasks[[#This Row],[% COMPLETE]]>=1) -> 1
B27: PC Dissection | C27: 46057 | D27: 46080 | E27: 1 | F27: =--(Tasks[[#This Row],[% COMPLETE]]>=1) -> 1
B28: KB Analysis | C28: 46057 | D28: 46081 | E28: 1 | F28: =--(Tasks[[#This Row],[% COMPLETE]]>=1) -> 1
B29: EB Analysis | C29: 46057 | D29: 46081 | E29: 1 | F29: =--(Tasks[[#This Row],[% COMPLETE]]>=1) -> 1
B30: RD 2&3 Data Analysis | C30: 46052 | D30: 46081 | E30: 1 | F30: =--(Tasks[[#This Row],[% COMPLETE]]>=1) -> 1
B31: LB Digestion | C31: 46057 | D31: 46081 | E31: 1 | F31: =--(Tasks[[#This Row],[% COMPLETE]]>=1) -> 1 | G31: Placeholder date until scheduled
B32: BB Digestion | C32: 46057 | D32: 46081 | E32: 1 | F32: =--(Tasks[[#This Row],[% COMPLETE]]>=1) -> 1 | G32: Placeholder date until scheduled
B33: PC Digestion | C33: 46057 | D33: 46081 | E33: 1 | F33: =--(Tasks[[#This Row],[% COMPLETE]]>=1) -> 1 | G33: Placeholder date until scheduled
B34: BB Analysis | C34: 46057 | D34: 46089 | E34: 1 | F34: =--(Tasks[[#This Row],[% COMPLETE]]>=1) -> 1 | G34: Placeholder date until scheduled
B35: PC Analysis | C35: 46057 | D35: 46094 | E35: 0 | F35: =--(Tasks[[#This Row],[% COMPLETE]]>=1) -> 0 | G35: Placeholder date until scheduled
B36: RD3 Visual Analysis | C36: 45687 | D36: 46094 | E36: 0 | F36: =--(Tasks[[#This Row],[% COMPLETE]]>=1) -> 0 | G36: Non urban crabs (all)
B37: LB Analysis | C37: 46057 | D37: 46094 | E37: 0 | F37: =--(Tasks[[#This Row],[% COMPLETE]]>=1) -> 0 | G37: Placeholder date until scheduled
E38: 0 | F38: =--(Tasks[[#This Row],[% COMPLETE]]>=1) -> 0
E39: 0 | F39: =--(Tasks[[#This Row],[% COMPLETE]]>=1) -> 0
E40: 0 | F40: =--(Tasks[[#This Row],[% COMPLETE]]>=1) -> 0
E41: 0 | F41: =--(Tasks[[#This Row],[% COMPLETE]]>=1) -> 0
F42: =--(Tasks[[#This Row],[% COMPLETE]]>=1) -> 0
F43: =--(Tasks[[#This Row],[% COMPLETE]]>=1) -> 0
F44: =--(Tasks[[#This Row],[% COMPLETE]]>=1) -> 0

Sheet PilotData
B1: Location | C1: Label | D1: Sex | E1: Stomach weight (g) | F1: Gill weight (g) | G1: Date Dissected | H1: Comments | J1: Carapace length (bad data)
B2: WB (P) | C2: F,P,1 | D2: F | G2: 46067 | J2: 54.2
B3: P | C3: M,P,2 | D3: M | G3: 46067 | J3: 53.8
B4: P | C4: F,P,3 | D4: F | G4: 46067 | J4: 50.9
B5: P | C5: M,P,4 | D5: M | G5: 46067 | J5: 51
B6: P | C6: M,P,5 | D6: M | G6: 46067 | J6: 52.1
A7: Pooled samples | E7: ~1g | F7: <1g | H7: Pooled all stomach samples and all gill samples

Sheet Crab Data
A1: Location | B1: Label | C1: Sex | D1: Carapace length (mm) | E1: Net mass (test tube + stomach) (g) | F1: Empty test tube mass (g) | G1: Stomach weight (g) | H1: Date Dissected | I1: Date Digested | J1: Comments | K1: Urban | N1: Test tube + digestion sol'n | O1: Test tube | P1: Digestion sol'n
A2: TB | B2: F.TB.1 | C2: F | D2: 15.5 | E2: 6.2115 | F2: 6.1559 | G2: =E2-F2 -> 0.0556 | H2: 46055 | I2: 46059 | K2: URBAN | N2: 4.2354 | O2: 2.0486 | P2: =N2-O2 -> 2.1868
A3: TB | B3: M.TB.2 | C3: M | D3: 17.9 | E3: 6.1195 | F3: 6.0523 | G3: =E3-F3 -> 0.0672 | H3: 46055 | I3: 46059 | J3: Stomach maybe burst during weighing | K3: URBAN
A4: TB | B4: M.TB.3 | C4: M | D4: 18 | E4: 6.2014 | F4: 6.1331 | G4: =E4-F4 -> 0.0683 | H4: 46055 | I4: 46059 | J4: Stomach maybe burst during weighing | K4: URBAN
A5: TB | B5: M.TB.4 | C5: M | D5: 16.5 | E5: 6.2554 | F5: 6.1782 | G5: =E5-F5 -> 0.0772 | H5: 46055 | I5: 46059 | K5: URBAN
A6: TB | B6: F.TB.5 | C6: F | D6: 15.2 | E6: 6.1806 | F6: 6.1395 | G6: =E6-F6 -> 0.0411 | H6: 46055 | I6: 46059 | K6: URBAN
A7: TB | B7: M.TB.6 | C7: M | D7: 15.1 | E7: 6.3123 | F7: 6.2414 | G7: =E7-F7 -> 0.0709 | H7: 46055 | I7: 46059 | K7: URBAN
A8: TB | B8: M.TB.7 | C8: M | D8: 14.8 | E8: 6.3715 | F8: 6.2907 | G8: =E8-F8 -> 0.0808 | H8: 46055 | I8: 46059 | K8: URBAN
A9: TB | B9: F.TB.8 | C9: F | D9: 13.9 | E9: 6.4777 | F9: 6.41 | G9: =E9-F9 -> 0.0677 | H9: 46055 | I9: 46059 | K9: URBAN
A10: TB | B10: M.TB.9 | C10: M | D10: 16.7 | E10: 6.4745 | F10: 6.4097 | G10: =E10-F10 -> 0.0648 | H10: 46055 | I10: 46059 | K10: URBAN
A11: TB | B11: F.TB.10 | C11: F | D11: 15.8 | E11: 6.4292 | F11: 6.3581 | G11: =E11-F11 -> 0.0711 | H11: 46055 | I11: 46059 | K11: URBAN
A12: TB | B12: M.TB.11 | C12: M | D12: 17 | E12: 6.3299 | F12: 6.2315 | G12: =E12-F12 -> 0.0984 | H12: 46056 | I12: 46059 | J12: Caliper measurement is not the same as disection kit "ruler" gonna have to do some funky stuff | K12: URBAN
A13: TB | B13: M.TB.12 | C13: M | D13: 14.3 | E13: 6.3577 | F13: 6.2901 | G13: =E13-F13 -> 0.0676 | H13: 46056 | I13: 46059 | J13: Lowk mightve broken stomach… easier when still a bit frozen (in hindsight I don’t think I broke the stomach) | K13: URBAN
A14: TB | B14: F.TB.13 | C14: F | D14: 16.1 | E14: 6.5093 | F14: 6.4509 | G14: =E14-F14 -> 0.0584 | H14: 46056 | I14: 46059 | K14: URBAN
A15: TB | B15: F.TB.14 | C15: F | D15: 16.9 | E15: 6.3219 | F15: 6.2626 | G15: =E15-F15 -> 0.0593 | H15: 46056 | I15: 46059 | K15: URBAN
A16: TB | B16: F.TB.15 | C16: F | D16: 12.4 | E16: 6.2937 | F16: 6.2666 | G16: =E16-F16 -> 0.0271 | H16: 46056 | I16: 46059 | J16: Tiny one from when we were trying to leave the beach ASAP because of Coyote | K16: URBAN
A17: TB | B17: F.TB.16 | C17: F | D17: 15.9 | E17: 6.2683 | F17: 6.2341 | G17: =E17-F17 -> 0.0342 | H17: 46056 | I17: 46059 | J17: sometimes easier to take the "teeth" out and stomach comes with | K17: URBAN
A18: TB | B18: M.TB.17 | C18: M | D18: 17 | E18: 6.1841 | F18: 6.1149 | G18: =E18-F18 -> 0.0692 | H18: 46056 | I18: 46059 | K18: URBAN
A19: TB | B19: F.TB.18 | C19: F | D19: 16.2 | E19: 6.3521 | F19: 6.2853 | G19: =E19-F19 -> 0.0668 | H19: 46056 | I19: 46059 | K19: URBAN
A20: TB | B20: M.TB.19 | C20: M | D20: 14.9 | E20: 6.2643 | F20: 6.2081 | G20: =E20-F20 -> 0.0562 | H20: 46056 | I20: 46059 | K20: URBAN
A21: TB | B21: F.TB.20 | C21: F | D21: 17 | E21: 6.3311 | F21: 6.279 | G21: =E21-F21 -> 0.0521 | H21: 46056 | I21: 46059 | J21: Measured with C to F converter bc no caliper | K21: URBAN
A22: KB | B22: M.KB.1 | C22: M | D22: 14.6 | E22: =18.4603-2.05 -> 16.4103 | F22: 16.3662 | G22: =E22-F22 -> 0.0441 | H22: 46064 | I22: 46064 | J22: All below weighed with caps on; MKB 1-5 weird ? weighed with digestion sol'n in tube and subtracted estimated digestion sol'n weight (~2.1 pm 0.05 g) | K22: URBAN
A23: KB | B23: M.KB.2 | C23: M | D23: 14.2 | E23: =16.7166-2.1 -> 14.6166 | F23: 14.5712 | G23: =E23-F23 -> 0.0454 | H23: 46064 | I23: 46064 | J23: Weird | K23: URBAN
A24: KB | B24: M.KB.3 | C24: M | D24: 12.1 | E24: =18.7153-2.1 -> 16.6153 | F24: 16.5944 | G24: =E24-F24 -> 0.0209 | H24: 46064 | I24: 46064 | J24: Weird | K24: URBAN
A25: KB | B25: M.KB.4 | C25: M | D25: 16.1 | E25: =18.5491-2.1 -> 16.4491 | F25: 16.3952 | G25: =E25-F25 -> 0.0539 | H25: 46064 | I25: 46064 | J25: Weird | K25: URBAN
A26: KB | B26: M.KB.5 | C26: M | D26: 12.4 | E26: =17.7338-P2 -> 15.547 | F26: 15.5353 | G26: =E26-F26 -> 0.0117 | H26: 46064 | I26: 46064 | J26: Weird | K26: URBAN
A27: KB | B27: M.KB.6 | C27: M | D27: 13.3 | E27: 16.4534 | F27: 16.409 | G27: =E27-F27 -> 0.0444 | H27: 46064 | I27: 46069 | K27: URBAN
A28: KB | B28: M.KB.7 | C28: M | D28: 12 | E28: 15.0852 | F28: 15.0635 | G28: =E28-F28 -> 0.0217 | H28: 46064 | I28: 46069 | K28: URBAN
A29: KB | B29: M.KB.8 | C29: M | D29: 12.5 | E29: 15.1443 | F29: 15.1028 | G29: =E29-F29 -> 0.0415 | H29: 46064 | I29: 46069 | K29: URBAN
A30: KB | B30: M.KB.9 | C30: M | D30: 12.2 | E30: 15.6258 | F30: 15.5998 | G30: =E30-F30 -> 0.026 | H30: 46064 | I30: 46069 | K30: URBAN
A31: KB | B31: M.KB.10 | C31: M | D31: 16.5 | E31: 15.2341 | F31: 15.1846 | G31: =E31-F31 -> 0.0495 | H31: 46064 | I31: 46069 | K31: URBAN
A32: KB | B32: F.KB.11 | C32: F | D32: 19.1 | E32: 16.5037 | F32: 16.414 | G32: =E32-F32 -> 0.0897 | H32: 46064 | I32: 46069 | K32: URBAN
A33: KB | B33: F.KB.12 | C33: F | D33: 13.9 | E33: 16.5788 | F33: 16.5253 | G33: =E33-F33 -> 0.0535 | H33: 46064 | I33: 46069 | K33: URBAN
A34: KB | B34: F.KB.13 | C34: F | D34: 15 | E34: 16.3354 | F34: 16.2989 | G34: =E34-F34 -> 0.0365 | H34: 46064 | I34: 46069 | K34: URBAN
A35: KB | B35: F.KB.14 | C35: F | D35: 13 | E35: 15.4316 | F35: 15.3691 | G35: =E35-F35 -> 0.0625 | H35: 46064 | I35: 46069 | K35: URBAN
A36: KB | B36: F.KB.15 | C36: F | D36: 13.1 | E36: 16.1787 | F36: 16.1743 | G36: =E36-F36 -> 0.0044 | H36: 46064 | I36: 46069 | K36: URBAN
A37: KB | B37: F.KB.16 | C37: F | D37: 14.6 | E37: 16.6155 | F37: 16.5784 | G37: =E37-F37 -> 0.0371 | H37: 46064 | I37: 46069 | K37: URBAN
A38: KB | B38: F.KB.17 | C38: F | D38: 17.5 | E38: 16.3296 | F38: 16.2832 | G38: =E38-F38 -> 0.0464 | H38: 46064 | I38: 46069 | K38: URBAN
... A42: EB | B42: M.EB.1 | C42: M | D42: 14.6 | E42: 6.0343 | F42: 6.0083 | G42: =E42-F42 -> 0.026 | H42: 46072 | I42: 46075 | K42: URBAN
A43: EB | B43: M.EB.2 | C43: M | D43: 15.8 | E43: 6.1076 | F43: 6.0579 | G43: =E43-F43 -> 0.0497 | H43: 46072 | I43: 46075 | J43: fell on the floor while weighing :( | K43: URBAN
A44: EB | B44: M.EB.3 | C44: M | D44: 14.5 | E44: 6.2982 | F44: 6.2685 | G44: =E44-F44 -> 0.0297 | H44: 46072 | I44: 46075 | K44: URBAN
A45: EB | B45: M.EB.4 | C45: M | D45: 16 | E45: 6.2841 | F45: 6.2657 | G45: =E45-F45 -> 0.0184 | H45: 46072 | I45: 46075 | J45: fell on the floor while weighing :( | K45: URBAN
A46: EB | B46: M.EB.5 | C46: M | D46: 14.9 | E46: 6.2646 | F46: 6.227 | G46: =E46-F46 -> 0.0376 | H46: 46072 | I46: 46075 | K46: URBAN
A47: EB | B47: M.EB.6 | C47: M | D47: 14.8 | E47: 6.2879 | F47: 6.2742 | G47: =E47-F47 -> 0.0137 | H47: 46072 | I47: 46075 | K47: URBAN
A48: EB | B48: M.EB.7 | C48: M | D48: 15.8 | E48: 6.31 | F48: 6.2847 | G48: =E48-F48 -> 0.0253 | H48: 46072 | I48: 46075 | K48: URBAN
A49: EB | B49: M.EB.8 | C49: M | D49: 13.8 | E49: 6.272 | F49: 6.2515 | G49: =E49-F49 -> 0.0205 | H49: 46072 | I49: 46075 | K49: URBAN
A50: EB | B50: M.EB.9 | C50: M | D50: 16.3 | E50: 6.2177 | F50: 6.1878 | G50: =E50-F50 -> 0.0299 | H50: 46072 | I50: 46075 | K50: URBAN
A51: EB | B51: M.EB.10 | C51: M | D51: 17.1 | E51: 6.287 | F51: 6.2349 | G51: =E51-F51 -> 0.0521 | H51: 46072 | I51: 46075 | K51: URBAN
A52: EB | B52: F.EB.11 | C52: F | D52: 16 | E52: 6.4335 | F52: 6.3996 | G52: =E52-F52 -> 0.0339 | H52: 46072 | I52: 46075 | K52: URBAN
A53: EB | B53: F.EB.12 | C53: F | D53: 14 | E53: 6.2379 | F53: 6.224 | G53: =E53-F53 -> 0.0139 | H53: 46072 | I53: 46075 | K53: URBAN
A54: EB | B54: F.EB.13 | C54: F | D54: 18 | E54: 6.4414 | F54: 6.3961 | G54: =E54-F54 -> 0.0453 | H54: 46072 | I54: 46075 | K54: URBAN
A55: EB | B55: F.EB.14 | C55: F | D55: 16.5 | E55: 6.1251 | F55: 6.1042 | G55: =E55-F55 -> 0.0209 | H55: 46072 | I55: 46075 | K55: URBAN
A56: EB | B56: F.EB.15 | C56: F | D56: 13.1 | E56: 6.3373 | F56: 6.3199 | G56: =E56-F56 -> 0.0174 | H56: 46072 | I56: 46075 | K56: URBAN
A57: EB | B57: F.EB.16 | C57: F | D57: 18 | E57: 6.1229 | F57: 6.0925 | G57: =E57-F57 -> 0.0304 | H57: 46072 | I57: 46075 | K57: URBAN
A58: EB | B58: F.EB.17 | C58: F | D58: 14.6 | E58: 6.1619 | F58: 6.1366 | G58: =E58-F58 -> 0.0253 | H58: 46072 | I58: 46075 | J58: Lip of test tube is chipped | K58: URBAN
A59: EB | B59: F.EB.18 | C59: F | D59: 13.9 | E59: 6.3746 | F59: 6.3539 | G59: =E59-F59 -> 0.0207 | H59: 46072 | I59: 46075 | K59: URBAN
A60: EB | B60: F.EB.19 | C60: F | D60: 13.2 | E60: 6.2857 | F60: 6.2638 | G60: =E60-F60 -> 0.0219 | H60: 46072 | I60: 46075 | K60: URBAN
A61: EB | B61: F.EB.20 | C61: F | D61: 13 | E61: 6.2779 | F61: 6.2657 | G61: =E61-F61 -> 0.0122 | H61: 46072 | I61: 46075 | K61: URBAN
A62: LB | B62: M.LB.1 | C62: M | D62: 15.2 | E62: 16.1797 | F62: 16.1262 | G62: =E62-F62 -> 0.0535 | H62: 46076 | I62: 46078 | J62: All below tall test tubes with caps on | K62: NON
A63: LB | B63: M.LB.2 | C63: M | D63: 20.8 | E63: 16.6408 | F63: 16.5117 | G63: =E63-F63 -> 0.1291 | H63: 46076 | I63: 46078 | K63: NON
A64: LB | B64: M.LB.3 | C64: M | D64: 16.1 | E64: 16.3606 | F64: 16.2562 | G64: =E64-F64 -> 0.1044 | H64: 46076 | I64: 46078 | K64: NON
A65: LB | B65: M.LB.4 | C65: M | D65: 13.2 | E65: 16.342 | F65: 16.2984 | G65: =E65-F65 -> 0.0436 | H65: 46076 | I65: 46078 | K65: NON
A66: LB | B66: M.LB.5 | C66: M | D66: 14.9 | E66: 15.9765 | F66: 15.9171 | G66: =E66-F66 -> 0.0594 | H66: 46076 | I66: 46078 | K66: NON
A67: LB | B67: M.LB.6 | C67: M | D67: 15.1 | E67: 16.3171 | F67: 16.2874 | G67: =E67-F67 -> 0.0297 | H67: 46076 | I67: 46078 | K67: NON
A68: LB | B68: M.LB.7 | C68: M | D68: 13.7 | E68: 16.5269 | F68: 16.5018 | G68: =E68-F68 -> 0.0251 | H68: 46076 | I68: 46078 | K68: NON
A69: LB | B69: M.LB.8 | C69: M | D69: 16 | E69: 16.638 | F69: 16.571 | G69: =E69-F69 -> 0.067 | H69: 46076 | I69: 46078 | K69: NON
A70: LB | B70: M.LB.9 | C70: M | D70: 12 | E70: 16.5484 | F70: 16.4988 | G70: =E70-F70 -> 0.0496 | H70: 46076 | I70: 46078 | K70: NON
A71: LB | B71: M.LB.10 | C71: M | D71: 14.5 | E71: 14.1593 | F71: 14.0916 | G71: =E71-F71 -> 0.0677 | H71: 46076 | I71: 46078 | K71: NON
A72: LB | B72: F.LB.11 | C72: F | D72: 13.4 | E72: 16.5368 | F72: 16.484 | G72: =E72-F72 -> 0.0528 | H72: 46076 | I72: 46078 | K72: NON
A73: LB | B73: F.LB.12 | C73: F | D73: 13.3 | E73: 16.4347 | F73: 16.3568 | G73: =E73-F73 -> 0.0779 | H73: 46076 | I73: 46078 | K73: NON
A74: LB | B74: F.LB.13 | C74: F | D74: 13 | E74: 16.2549 | F74: 16.2211 | G74: =E74-F74 -> 0.0338 | H74: 46076 | I74: 46078 | K74: NON
... A92: BB | B92: F.BB.11 | C92: F | D92: 12 | E92: 16.0766 | F92: 16.0623 | G92: =E92-F92 -> 0.0143 | H92: 46076 | I92: 46078 | K92: NON
A93: BB | B93: F.BB.12 | C93: F | D93: 12 | E93: 6.4662 | F93: 6.4571 | G93: =E93-F93 -> 0.0091 | H93: 46076 | I93: 46078 | J93: All below little test tubes with no caps | K93: NON
A94: BB | B94: F.BB.13 | C94: F | D94: 14.3 | E94: 6.4709 | F94: 6.4513 | G94: =E94-F94 -> 0.0196 | H94: 46076 | I94: 46078 | K94: NON
A95: BB | B95: F.BB.14 | C95: F | D95: 15.3 | E95: 6.2071 | F95: 6.1942 | G95: =E95-F95 -> 0.0129 | H95: 46076 | I95: 46078 | K95: NON
A96: BB | B96: F.BB.15 | C96: F | D96: 13 | E96: 6.25 | F96: 6.2432 | G96: =E96-F96 -> 0.0068 | H96: 46076 | I96: 46078 | K96: NON
A97: BB | B97: F.BB.16 | C97: F | D97: 14.9 | E97: 6.2841 | F97: 6.2621 | G97: =E97-F97 -> 0.022 | H97: 46076 | I97: 46078 | K97: NON
A98: BB | B98: F.BB.17 | C98: F | D98: 15.1 | E98: 6.3538 | F98: 6.3424 | G98: =E98-F98 -> 0.0114 | H98: 46076 | I98: 46078 | K98: NON
A99: BB | B99: F.BB.18 | C99: F | D99: 13.8 | E99: 5.9716 | F99: 5.9632 | G99: =E99-F99 -> 0.0084 | H99: 46076 | I99: 46078 | K99: NON
A100: BB | B100: F.BB.19 | C100: F | D100: 13 | E100: 6.3717 | F100: 6.3606 | G100: =E100-F100 -> 0.0111 | H100: 46076 | I100: 46078 | K100: NON
A101: BB | B101: F.BB.20 | C101: F | D101: 14 | E101: 6.1649 | F101: 6.1573 | G101: =E101-F101 -> 0.0076 | H101: 46076 | I101: 46078 | K101: NON
A102: PC | B102: M.PC.1 | C102: M | D102: 14.1 | E102: 15.4315 | F102: 15.4151 | G102: =E102-F102 -> 0.0164 | H102: 46078 | I102: 46080 | J102: All below tall tubes with caps | K102: NON
A103: PC | B103: M.PC.2 | C103: M | D103: 14.3 | E103: 15.2011 | F103: 15.1846 | G103: =E103-F103 -> 0.0165 | H103: 46078 | I103: 46080 | K103: NON
A104: PC | B104: M.PC.3 | C104: M | D104: 14.5 | E104: 15.4641 | F104: 15.4317 | G104: =E104-F104 -> 0.0324 | H104: 46078 | I104: 46080 | K104: NON
A105: PC | B105: M.PC.4 | C105: M | D105: 15.5 | E105: 14.795 | F105: 14.7348 | G105: =E105-F105 -> 0.0602 | H105: 46078 | I105: 46080 | K105: NON
A106: PC | B106: M.PC.5 | C106: M | D106: 13.9 | E106: 16.3178 | F106: 16.2696 | G106: =E106-F106 -> 0.0482 | H106: 46078 | I106: 46080 | K106: NON
A107: PC | B107: M.PC.6 | C107: M | D107: 11.3 | E107: 16.4193 | F107: 16.3991 | G107: =E107-F107 -> 0.0202 | H107: 46078 | I107: 46080 | K107: NON
A108: PC | B108: M.PC.7 | C108: M | D108: 12.7 | E108: 16.0823 | F108: 16.0577 | G108: =E108-F108 -> 0.0246 | H108: 46078 | I108: 46080 | K108: NON
A109: PC | B109: M.PC.8 | C109: M | D109: 14 | E109: 14.8689 | F109: 14.8362 | G109: =E109-F109 -> 0.0327 | H109: 46078 | I109: 46080 | K109: NON
A110: PC | B110: M.PC.9 | C110: M | D110: 11 | E110: 16.1343 | F110: 16.1197 | G110: =E110-F110 -> 0.0146 | H110: 46078 | I110: 46080 | K110: NON
A111: PC | B111: M.PC.10 | C111: M | D111: 12.1 | E111: 14.4595 | F111: 14.4349 | G111: =E111-F111 -> 0.0246 | H111: 46078 | I111: 46080 | K111: NON
A112: PC | B112: F.PC.11 | C112: F | D112: 10.1 | E112: 14.8414 | F112: 14.8255 | G112: =E112-F112 -> 0.0159 | H112: 46078 | I112: 46080 | K112: NON
A113: PC | B113: F.PC.12 | C113: F | D113: 10.2 | E113: 16.255 | F113: 16.2373 | G113: =E113-F113 -> 0.0177 | H113: 46078 | I113: 46080 | K113: NON
A114: PC | B114: F.PC.13 | C114: F | D114: 10.4 | E114: 15.3676 | F114: 15.3578 | G114: =E114-F114 -> 0.0098 | H114: 46078 | I114: 46080 | K114: NON
... A121: PC | B121: F.PC.20 | C121: F | D121: 12.1 | E121: 16.366 | F121: 16.3416 | G121: =E121-F121 -> 0.0244 | H121: 46078 | I121: 46080 | K121: NON

Sheet MPData
A1: {='Crab Data'!A1:A121} -> Location | B1: {='Crab Data'!B1:B121} -> Label | C1: {='Crab Data'!C1:C121} -> Sex | D1: {='Crab Data'!G1:G121} -> Stomach weight (g) | E1: Date analyzed | F1: Total.SMP.Per.Crab | G1: Total[SMP] (p/g) | H1: Rated.3.SMP.Per.Crab | I1: Rated.3.[SMP] (p/g) | J1: Rated.2.SMP.Per.Crab | K1: Rated.2.[SMP] (p/g) | L1: Rated.1.SMP.Per.Crab | M1: Rated.1.[SMP] (p/g) | N1: {='Crab Data'!K1:K121} -> Urban | O1: Distance.Rank | P1: Comments
A2: TB | B2: F.TB.1 | C2: F | D2: 0.0556 | E2: 46069 | F2: 8 | G2: =QUOTIENT(F2,D2) -> 143 | H2: 4 | I2: =QUOTIENT(H2,D2) -> 71 | J2: 2 | K2: =QUOTIENT(J2,D2) -> 35 | L2: 2 | M2: =QUOTIENT(L2,D2) -> 35 | N2: URBAN | O2: 1
A3: TB | B3: M.TB.2 | C3: M | D3: 0.0672 | E3: 46069 | F3: 3 | G3: =QUOTIENT(F3,D3) -> 44 | H3: 2 | I3: =QUOTIENT(H3,D3) -> 29 | J3: 1 | K3: =QUOTIENT(J3,D3) -> 14 | L3: 0 | M3: =QUOTIENT(L3,D3) -> 0 | N3: URBAN | O3: 1
A4: TB | B4: M.TB.3 | C4: M | D4: 0.0683 | E4: 46069 | F4: 4 | G4: =QUOTIENT(F4,D4) -> 58 | H4: 2 | I4: =QUOTIENT(H4,D4) -> 29 | J4: 1 | K4: =QUOTIENT(J4,D4) -> 14 | L4: 1 | M4: =QUOTIENT(L4,D4) -> 14 | N4: URBAN | O4: 1
A5: TB | B5: M.TB.4 | C5: M | D5: 0.0772 | E5: 46069 | F5: 7 | G5: =QUOTIENT(F5,D5) -> 90 | H5: 3 | I5: =QUOTIENT(H5,D5) -> 38 | J5: 4 | K5: =QUOTIENT(J5,D5) -> 51 | L5: 0 | M5: =QUOTIENT(L5,D5) -> 0 | N5: URBAN | O5: 1 | P5: a large ball of black and clear plastic fibres was found, smaller black fragments are likely from this ball
A6: TB | B6: F.TB.5 | C6: F | D6: 0.0411 | E6: 46069 | F6: 3 | G6: =QUOTIENT(F6,D6) -> 72 | H6: 1 | I6: =QUOTIENT(H6,D6) -> 24 | J6: 2 | K6: =QUOTIENT(J6,D6) -> 48 | L6: 0 | M6: =QUOTIENT(L6,D6) -> 0 | N6: URBAN | O6: 1
A7: TB | B7: M.TB.6 | C7: M | D7: 0.0709 | E7: 46069 | F7: 5 | G7: =QUOTIENT(F7,D7) -> 70 | H7: 4 | I7: =QUOTIENT(H7,D7) -> 56 | J7: 0 | K7: =QUOTIENT(J7,D7) -> 0 | L7: 1 | M7: =QUOTIENT(L7,D7) -> 14 | N7: URBAN | O7: 1
A8: TB | B8: M.TB.7 | C8: M | D8: 0.0808 | E8: 46069 | F8: 21 | G8: =QUOTIENT(F8,D8) -> 259 | H8: 7 | I8: =QUOTIENT(H8,D8) -> 86 | J8: 8 | K8: =QUOTIENT(J8,D8) -> 99 | L8: 6 | M8: =QUOTIENT(L8,D8) -> 74 | N8: URBAN | O8: 1
A9: TB | B9: F.TB.8 | C9: F | D9: 0.0677 | E9: 46069 | F9: 13 | G9: =QUOTIENT(F9,D9) -> 192 | H9: 5 | I9: =QUOTIENT(H9,D9) -> 73 | J9: 6 | K9: =QUOTIENT(J9,D9) -> 88 | L9: 2 | M9: =QUOTIENT(L9,D9) -> 29 | N9: URBAN | O9: 1
A10: TB | B10: M.TB.9 | C10: M | D10: 0.0648 | E10: 46069 | F10: 4 | G10: =QUOTIENT(F10,D10) -> 61 | H10: 0 | I10: =QUOTIENT(H10,D10) -> 0 | J10: 3 | K10: =QUOTIENT(J10,D10) -> 46 | L10: 1 | M10: =QUOTIENT(L10,D10) -> 15 | N10: URBAN | O10: 1
A11: TB | B11: F.TB.10 | C11: F | D11: 0.0711 | E11: 46069 | F11: 5 | G11: =QUOTIENT(F11,D11) -> 70 | H11: 3 | I11: =QUOTIENT(H11,D11) -> 42 | J11: 2 | K11: =QUOTIENT(J11,D11) -> 28 | M11: =QUOTIENT(L11,D11) -> 0 | N11: URBAN | O11: 1 | P11: big honkin fibre in this boy
A12: TB | B12: M.TB.11 | C12: M | D12: 0.0984 | E12: 46069 | F12: 11 | G12: =QUOTIENT(F12,D12) -> 111 | H12: 5 | I12: =QUOTIENT(H12,D12) -> 50 | J12: 2 | K12: =QUOTIENT(J12,D12) -> 20 | L12: 4 | M12: =QUOTIENT(L12,D12) -> 40 | N12: URBAN | O12: 1
A13: TB | B13: M.TB.12 | C13: M | D13: 0.0676 | E13: 46069 | F13: 13 | G13: =QUOTIENT(F13,D13) -> 192 | H13: 2 | I13: =QUOTIENT(H13,D13) -> 29 | J13: 9 | K13: =QUOTIENT(J13,D13) -> 133 | L13: 2 | M13: =QUOTIENT(L13,D13) -> 29 | N13: URBAN | O13: 1
A14: TB | B14: F.TB.13 | C14: F | D14: 0.0584 | E14: 46069 | F14: 5 | G14: =QUOTIENT(F14,D14) -> 85 | H14: 0 | I14: =QUOTIENT(H14,D14) -> 0 | J14: 2 | K14: =QUOTIENT(J14,D14) -> 34 | L14: 3 | M14: =QUOTIENT(L14,D14) -> 51 | N14: URBAN | O14: 1
A15: TB | B15: F.TB.14 | C15: F | D15: 0.0593 | E15: 46069 | F15: 4 | G15: =QUOTIENT(F15,D15) -> 67 | H15: 0 | I15: =QUOTIENT(H15,D15) -> 0 | J15: 2 | K15: =QUOTIENT(J15,D15) -> 33 | L15: 2 | M15: =QUOTIENT(L15,D15) -> 33 | N15: URBAN | O15: 1
A16: TB | B16: F.TB.15 | C16: F | D16: 0.0271 | E16: 46069 | F16: 1 | G16: =QUOTIENT(F16,D16) -> 36 | H16: 1 | I16: =QUOTIENT(H16,D16) -> 36 | J16: 0 | K16: =QUOTIENT(J16,D16) -> 0 | L16: 0 | M16: =QUOTIENT(L16,D16) -> 0 | N16: URBAN | O16: 1 | P16: go back to this to double check
A17: TB | B17: F.TB.16 | C17: F | D17: 0.0342 | E17: 46069 | F17: 1 | G17: =QUOTIENT(F17,D17) -> 29 | H17: 0 | I17: =QUOTIENT(H17,D17) -> 0 | J17: 0 | K17: =QUOTIENT(J17,D17) -> 0 | L17: 1 | M17: =QUOTIENT(L17,D17) -> 29 | N17: URBAN | O17: 1
A18: TB | B18: M.TB.17 | C18: M | D18: 0.0692 | E18: 46070 | F18: 8 | G18: =QUOTIENT(F18,D18) -> 115 | H18: 1 | I18: =QUOTIENT(H18,D18) -> 14 | J18: 3 | K18: =QUOTIENT(J18,D18) -> 43 | L18: 4 | M18: =QUOTIENT(L18,D18) -> 57 | N18: URBAN | O18: 1
A19: TB | B19: F.TB.18 | C19: F | D19: 0.0668 | E19: 46070 | F19: 25 | G19: =QUOTIENT(F19,D19) -> 374 | H19: 8 | I19: =QUOTIENT(H19,D19) -> 119 | J19: 13 | K19: =QUOTIENT(J19,D19) -> 194 | L19: 4 | M19: =QUOTIENT(L19,D19) -> 59 | N19: URBAN | O19: 1 | P19: damn that’s a lot
A20: TB | B20: M.TB.19 | C20: M | D20: 0.0562 | E20: 46071 | F20: 3 | G20: =QUOTIENT(F20,D20) -> 53 | H20: 3 | I20: =QUOTIENT(H20,D20) -> 53 | J20: 0 | K20: =QUOTIENT(J20,D20) -> 0 | L20: 0 | M20: =QUOTIENT(L20,D20) -> 0 | N20: URBAN | O20: 1
A21: TB | B21: F.TB.20 | C21: F | D21: 0.0521 | E21: 46071 | F21: 4 | G21: =QUOTIENT(F21,D21) -> 76 | H21: 0 | I21: =QUOTIENT(H21,D21) -> 0 | J21: 1 | K21: =QUOTIENT(J21,D21) -> 19 | L21: 3 | M21: =QUOTIENT(L21,D21) -> 57 | N21: URBAN | O21: 1
A22: KB | B22: M.KB.1 | C22: M | D22: 0.0441 | E22: 46072 | F22: 13 | G22: =QUOTIENT(F22,D22) -> 294 | H22: 6 | I22: =QUOTIENT(H22,D22) -> 136 | J22: 5 | K22: =QUOTIENT(J22,D22) -> 113 | L22: 2 | M22: =QUOTIENT(L22,D22) -> 45 | N22: URBAN | O22: 2
A23: KB | B23: M.KB.2 | C23: M | D23: 0.0454 | E23: 46072 | F23: 5 | G23: =QUOTIENT(F23,D23) -> 110 | H23: 1 | I23: =QUOTIENT(H23,D23) -> 22 | J23: 3 | K23: =QUOTIENT(J23,D23) -> 66 | L23: 1 | M23: =QUOTIENT(L23,D23) -> 22 | N23: URBAN | O23: 2
A24: KB | B24: M.KB.3 | C24: M | D24: 0.0209 | E24: 46072 | F24: 4 | G24: =QUOTIENT(F24,D24) -> 191 | H24: 1 | I24: =QUOTIENT(H24,D24) -> 47 | J24: 0 | K24: =QUOTIENT(J24,D24) -> 0 | L24: 3 | M24: =QUOTIENT(L24,D24) -> 143 | N24: URBAN | O24: 2
A25: KB | B25: M.KB.4 | C25: M | D25: 0.0539 | E25: 46072 | F25: 2 | G25: =QUOTIENT(F25,D25) -> 37 | H25: 1 | I25: =QUOTIENT(H25,D25) -> 18 | J25: 0 | K25: =QUOTIENT(J25,D25) -> 0 | L25: 1 | M25: =QUOTIENT(L25,D25) -> 18 | N25: URBAN | O25: 2
A26: KB | B26: M.KB.5 | C26: M | D26: 0.0117 | E26: 46072 | F26: 2 | G26: =QUOTIENT(F26,D26) -> 170 | H26: 2 | I26: =QUOTIENT(H26,D26) -> 170 | J26: 0 | K26: =QUOTIENT(J26,D26) -> 0 | L26: 0 | M26: =QUOTIENT(L26,D26) -> 0 | N26: URBAN | O26: 2
A27: KB | B27: M.KB.6 | C27: M | D27: 0.0444 | E27: 46072 | F27: 5 | G27: =QUOTIENT(F27,D27) -> 112 | H27: 2 | I27: =QUOTIENT(H27,D27) -> 45 | J27: 2 | K27: =QUOTIENT(J27,D27) -> 45 | L27: 1 | M27: =QUOTIENT(L27,D27) -> 22 | N27: URBAN | O27: 2
A28: KB | B28: M.KB.7 | C28: M | D28: 0.0217 | E28: 46075 | F28: 19 | G28: =QUOTIENT(F28,D28) -> 875 | H28: 1 | I28: =QUOTIENT(H28,D28) -> 46 | J28: 8 | K28: =QUOTIENT(J28,D28) -> 368 | L28: 10 | M28: =QUOTIENT(L28,D28) -> 460 | N28: URBAN | O28: 2
A29: KB | B29: M.KB.8 | C29: M | D29: 0.0415 | E29: 46075 | F29: 11 | G29: =QUOTIENT(F29,D29) -> 265 | H29: 8 | I29: =QUOTIENT(H29,D29) -> 192 | J29: 1 | K29: =QUOTIENT(J29,D29) -> 24 | L29: 2 | M29: =QUOTIENT(L29,D29) -> 48 | N29: URBAN | O29: 2
A30: KB | B30: M.KB.9 | C30: M | D30: 0.026 | E30: 46075 | F30: 14 | G30: =QUOTIENT(F30,D30) -> 538 | H30: 5 | I30: =QUOTIENT(H30,D30) -> 192 | J30: 5 | K30: =QUOTIENT(J30,D30) -> 192 | L30: 4 | M30: =QUOTIENT(L30,D30) -> 153 | N30: URBAN | O30: 2
A31: KB | B31: M.KB.10 | C31: M | D31: 0.0495 | E31: 46075 | F31: 22 | G31: =QUOTIENT(F31,D31) -> 444 | H31: 10 | I31: =QUOTIENT(H31,D31) -> 202 | J31: 10 | K31: =QUOTIENT(J31,D31) -> 202 | L31: 2 | M31: =QUOTIENT(L31,D31) -> 40 | N31: URBAN | O31: 2
... A35: KB | B35: F.KB.14 | C35: F | D35: 0.0625 | E35: 46076 | F35: 5 | G35: =QUOTIENT(F35,D35) -> 80 | H35: 1 | I35: =QUOTIENT(H35,D35) -> 16 | J35: 0 | K35: =QUOTIENT(J35,D35) -> 0 | L35: 4 | M35: =QUOTIENT(L35,D35) -> 64 | N35: URBAN | O35: 2
A36: KB | B36: F.KB.15 | C36: F | D36: 0.0044 | E36: 46079 | F36: 8 | G36: =QUOTIENT(F36,D36) -> 1818 | H36: 6 | I36: =QUOTIENT(H36,D36) -> 1363 | J36: 1 | K36: =QUOTIENT(J36,D36) -> 227 | L36: 1 | M36: =QUOTIENT(L36,D36) -> 227 | N36: URBAN | O36: 2 | P36: Weird
A37: KB | B37: F.KB.16 | C37: F | D37: 0.0371 | E37: 46079 | F37: 10 | G37: =QUOTIENT(F37,D37) -> 269 | H37: 5 | I37: =QUOTIENT(H37,D37) -> 134 | J37: 2 | K37: =QUOTIENT(J37,D37) -> 53 | L37: 3 | M37: =QUOTIENT(L37,D37) -> 80 | N37: URBAN | O37: 2
A38: KB | B38: F.KB.17 | C38: F | D38: 0.0464 | E38: 46076 | F38: 4 | G38: =QUOTIENT(F38,D38) -> 86 | H38: 3 | I38: =QUOTIENT(H38,D38) -> 64 | J38: 0 | K38: =QUOTIENT(J38,D38) -> 0 | L38: 1 | M38: =QUOTIENT(L38,D38) -> 21 | N38: URBAN | O38: 2
A39: KB | B39: F.KB.18 | C39: F | D39: 0.038 | E39: 46080 | F39: 9 | G39: =QUOTIENT(F39,D39) -> 236 | H39: 4 | I39: =QUOTIENT(H39,D39) -> 105 | J39: 1 | K39: =QUOTIENT(J39,D39) -> 26 | L39: 4 | M39: =QUOTIENT(L39,D39) -> 105 | N39: URBAN | O39: 2
A40: KB | B40: F.KB.19 | C40: F | D40: 0.0167 | E40: 46080 | F40: 6 | G40: =QUOTIENT(F40,D40) -> 359 | H40: 1 | I40: =QUOTIENT(H40,D40) -> 59 | J40: 3 | K40: =QUOTIENT(J40,D40) -> 179 | L40: 2 | M40: =QUOTIENT(L40,D40) -> 119 | N40: URBAN | O40: 2
A41: KB | B41: F.KB.20 | C41: F | D41: 0.036 | E41: 46080 | F41: 5 | G41: =QUOTIENT(F41,D41) -> 138 | H41: 0 | I41: =QUOTIENT(H41,D41) -> 0 | J41: 0 | K41: =QUOTIENT(J41,D41) -> 0 | L41: 5 | M41: =QUOTIENT(L41,D41) -> 138 | N41: URBAN | O41: 2
A42: EB | B42: M.EB.1 | C42: M | D42: 0.026 | E42: 46080 | F42: 23 | G42: =QUOTIENT(F42,D42) -> 884 | H42: 8 | I42: =QUOTIENT(H42,D42) -> 307 | J42: 10 | K42: =QUOTIENT(J42,D42) -> 384 | L42: 5 | M42: =QUOTIENT(L42,D42) -> 192 | N42: URBAN | O42: 3
A43: EB | B43: M.EB.2 | C43: M | D43: 0.0497 | E43: 46080 | F43: 8 | G43: =QUOTIENT(F43,D43) -> 160 | H43: 6 | I43: =QUOTIENT(H43,D43) -> 120 | J43: 2 | K43: =QUOTIENT(J43,D43) -> 40 | L43: 0 | M43: =QUOTIENT(L43,D43) -> 0 | N43: URBAN | O43: 3
A44: EB | B44: M.EB.3 | C44: M | D44: 0.0297 | E44: 46080 | F44: 11 | G44: =QUOTIENT(F44,D44) -> 370 | H44: 6 | I44: =QUOTIENT(H44,D44) -> 202 | J44: 2 | K44: =QUOTIENT(J44,D44) -> 67 | L44: 3 | M44: =QUOTIENT(L44,D44) -> 101 | N44: URBAN | O44: 3
A45: EB | B45: M.EB.4 | C45: M | D45: 0.0184 | E45: 46080 | F45: 7 | G45: =QUOTIENT(F45,D45) -> 380 | H45: 5 | I45: =QUOTIENT(H45,D45) -> 271 | J45: 2 | K45: =QUOTIENT(J45,D45) -> 108 | L45: 0 | M45: =QUOTIENT(L45,D45) -> 0 | N45: URBAN | O45: 3
A46: EB | B46: M.EB.5 | C46: M | D46: 0.0376 | E46: 46080 | F46: 6 | G46: =QUOTIENT(F46,D46) -> 159 | H46: 3 | I46: =QUOTIENT(H46,D46) -> 79 | J46: 2 | K46: =QUOTIENT(J46,D46) -> 53 | L46: 1 | M46: =QUOTIENT(L46,D46) -> 26 | N46: URBAN | O46: 3
A47: EB | B47: M.EB.6 | C47: M | D47: 0.0137 | E47: 46080 | F47: 10 | G47: =QUOTIENT(F47,D47) -> 729 | H47: 4 | I47: =QUOTIENT(H47,D47) -> 291 | J47: 4 | K47: =QUOTIENT(J47,D47) -> 291 | L47: 2 | M47: =QUOTIENT(L47,D47) -> 145 | N47: URBAN | O47: 3
A48: EB | B48: M.EB.7 | C48: M | D48: 0.0253 | E48: 46081 | F48: 4 | G48: =QUOTIENT(F48,D48) -> 158 | H48: 2 | I48: =QUOTIENT(H48,D48) -> 79 | J48: 2 | K48: =QUOTIENT(J48,D48) -> 79 | L48: 0 | M48: =QUOTIENT(L48,D48) -> 0 | N48: URBAN | O48: 3
... A53: EB | B53: F.EB.12 | C53: F | D53: 0.0139 | E53: 46081 | F53: 5 | G53: =QUOTIENT(F53,D53) -> 359 | H53: 4 | I53: =QUOTIENT(H53,D53) -> 287 | J53: 1 | K53: =QUOTIENT(J53,D53) -> 71 | L53: 0 | M53: =QUOTIENT(L53,D53) -> 0 | N53: URBAN | O53: 3
A54: EB | B54: F.EB.13 | C54: F | D54: 0.0453 | E54: 46083 | F54: =SUM(H54,J54,L54) -> 6 | G54: =QUOTIENT(F54,D54) -> 132 | H54: 3 | I54: =QUOTIENT(H54,D54) -> 66 | J54: 2 | K54: =QUOTIENT(J54,D54) -> 44 | L54: 1 | M54: =QUOTIENT(L54,D54) -> 22 | N54: URBAN | O54: 3
A55: EB | B55: F.EB.14 | C55: F | D55: 0.0209 | E55: 46083 | F55: =SUM(H55,J55,L55) -> 7 | G55: =QUOTIENT(F55,D55) -> 334 | H55: 5 | I55: =QUOTIENT(H55,D55) -> 239 | J55: 1 | K55: =QUOTIENT(J55,D55) -> 47 | L55: 1 | M55: =QUOTIENT(L55,D55) -> 47 | N55: URBAN | O55: 3
A56: EB | B56: F.EB.15 | C56: F | D56: 0.0174 | E56: 46084 | F56: =SUM(H56,J56,L56) -> 8 | G56: =QUOTIENT(F56,D56) -> 459 | H56: 3 | I56: =QUOTIENT(H56,D56) -> 172 | J56: 2 | K56: =QUOTIENT(J56,D56) -> 114 | L56: 3 | M56: =QUOTIENT(L56,D56) -> 172 | N56: URBAN | O56: 3
A57: EB | B57: F.EB.16 | C57: F | D57: 0.0304 | E57: 46084 | F57: =SUM(H57,J57,L57) -> 13 | G57: =QUOTIENT(F57,D57) -> 427 | H57: 13 | I57: =QUOTIENT(H57,D57) -> 427 | J57: 0 | K57: =QUOTIENT(J57,D57) -> 0 | L57: 0 | M57: =QUOTIENT(L57,D57) -> 0 | N57: URBAN | O57: 3
A58: EB | B58: F.EB.17 | C58: F | D58: 0.0253 | E58: 46080 | F58: 12 | G58: =QUOTIENT(F58,D58) -> 474 | H58: 5 | I58: =QUOTIENT(H58,D58) -> 197 | J58: 2 | K58: =QUOTIENT(J58,D58) -> 79 | L58: 5 | M58: =QUOTIENT(L58,D58) -> 197 | N58: URBAN | O58: 3
A59: EB | B59: F.EB.18 | C59: F | D59: 0.0207 | E59: 46080 | F59: 7 | G59: =QUOTIENT(F59,D59) -> 338 | H59: 4 | I59: =QUOTIENT(H59,D59) -> 193 | J59: 1 | K59: =QUOTIENT(J59,D59) -> 48 | L59: 2 | M59: =QUOTIENT(L59,D59) -> 96 | N59: URBAN | O59: 3
A60: EB | B60: F.EB.19 | C60: F | D60: 0.0219 | E60: 46086 | F60: =SUM(H60,J60,L60) -> 4 | G60: =QUOTIENT(F60,D60) -> 182 | H60: 3 | I60: =QUOTIENT(H60,D60) -> 136 | J60: 1 | K60: =QUOTIENT(J60,D60) -> 45 | L60: 0 | M60: =QUOTIENT(L60,D60) -> 0 | N60: URBAN | O60: 3
A61: EB | B61: F.EB.20 | C61: F | D61: 0.0122 | E61: 46086 | F61: =SUM(H61,J61,L61) -> 8 | G61: =QUOTIENT(F61,D61) -> 655 | H61: 2 | I61: =QUOTIENT(H61,D61) -> 163 | J61: 3 | K61: =QUOTIENT(J61,D61) -> 245 | L61: 3 | M61: =QUOTIENT(L61,D61) -> 245 | N61: URBAN | O61: 3
A62: LB | B62: M.LB.1 | C62: M | D62: 0.0535 | E62: 46093 | F62: =SUM(H62,J62,L62) -> 5 | G62: =QUOTIENT(F62,D62) -> 93 | H62: 2 | I62: =QUOTIENT(H62,D62) -> 37 | J62: 2 | K62: =QUOTIENT(J62,D62) -> 37 | L62: 1 | M62: =QUOTIENT(L62,D62) -> 18 | N62: NON | O62: 1
A63: LB | B63: M.LB.2 | C63: M | D63: 0.1291 | E63: 46093 | F63: =SUM(H63,J63,L63) -> 7 | G63: =QUOTIENT(F63,D63) -> 54 | H63: 5 | I63: =QUOTIENT(H63,D63) -> 38 | J63: 1 | K63: =QUOTIENT(J63,D63) -> 7 | L63: 1 | M63: =QUOTIENT(L63,D63) -> 7 | N63: NON | O63: 1
A64: LB | B64: M.LB.3 | C64: M | D64: 0.1044 | E64: 46093 | F64: =SUM(H64,J64,L64) -> 9 | G64: =QUOTIENT(F64,D64) -> 86 | H64: 8 | I64: =QUOTIENT(H64,D64) -> 76 | J64: 1 | K64: =QUOTIENT(J64,D64) -> 9 | L64: 0 | M64: =QUOTIENT(L64,D64) -> 0 | N64: NON | O64: 1
A65: LB | B65: M.LB.4 | C65: M | D65: 0.0436 | E65: 46093 | F65: =SUM(H65,J65,L65) -> 5 | G65: =QUOTIENT(F65,D65) -> 114 | H65: 4 | I65: =QUOTIENT(H65,D65) -> 91 | J65: 1 | K65: =QUOTIENT(J65,D65) -> 22 | L65: 0 | M65: =QUOTIENT(L65,D65) -> 0 | N65: NON | O65: 1
A66: LB | B66: M.LB.5 | C66: M | D66: 0.0594 | E66: 46093 | F66: =SUM(H66,J66,L66) -> 10 | G66: =QUOTIENT(F66,D66) -> 168 | H66: 4 | I66: =QUOTIENT(H66,D66) -> 67 | J66: 3 | K66: =QUOTIENT(J66,D66) -> 50 | L66: 3 | M66: =QUOTIENT(L66,D66) -> 50 | N66: NON | O66: 1
A67: LB | B67: M.LB.6 | C67: M | D67: 0.0297 | E67: 46093 | F67: =SUM(H67,J67,L67) -> 3 | G67: =QUOTIENT(F67,D67) -> 101 | H67: 2 | I67: =QUOTIENT(H67,D67) -> 67 | J67: 1 | K67: =QUOTIENT(J67,D67) -> 33 | L67: 0 | M67: =QUOTIENT(L67,D67) -> 0 | N67: NON | O67: 1
A68: LB | B68: M.LB.7 | C68: M | D68: 0.0251 | E68: 46093 | F68: =SUM(H68,J68,L68) -> 5 | G68: =QUOTIENT(F68,D68) -> 199 | H68: 5 | I68: =QUOTIENT(H68,D68) -> 199 | J68: 0 | K68: =QUOTIENT(J68,D68) -> 0 | L68: 0 | M68: =QUOTIENT(L68,D68) -> 0 | N68: NON | O68: 1
A69: LB | B69: M.LB.8 | C69: M | D69: 0.067 | E69: 46093 | F69: =SUM(H69,J69,L69) -> 11 | G69: =QUOTIENT(F69,D69) -> 164 | H69: 8 | I69: =QUOTIENT(H69,D69) -> 119 | J69: 2 | K69: =QUOTIENT(J69,D69) -> 29 | L69: 1 | M69: =QUOTIENT(L69,D69) -> 14 | N69: NON | O69: 1
A70: LB | B70: M.LB.9 | C70: M | D70: 0.0496 | E70: 46093 | F70: =SUM(H70,J70,L70) -> 13 | G70: =QUOTIENT(F70,D70) -> 262 | H70: 7 | I70: =QUOTIENT(H70,D70) -> 141 | J70: 5 | K70: =QUOTIENT(J70,D70) -> 100 | L70: 1 | M70: =QUOTIENT(L70,D70) -> 20 | N70: NON | O70: 1
A71: LB | B71: M.LB.10 | C71: M | D71: 0.0677 | E71: 46093 | F71: =SUM(H71,J71,L71) -> 11 | G71: =QUOTIENT(F71,D71) -> 162 | H71: 3 | I71: =QUOTIENT(H71,D71) -> 44 | J71: 2 | K71: =QUOTIENT(J71,D71) -> 29 | L71: 6 | M71: =QUOTIENT(L71,D71) -> 88 | N71: NON | O71: 1
... A101: BB | B101: F.BB.20 | C101: F | D101: 0.0076 | E101: 46091 | F101: =SUM(H101,J101,L101) -> 6 | G101: =QUOTIENT(F101,D101) -> 789 | H101: 3 | I101: =QUOTIENT(H101,D101) -> 394 | J101: 3 | K101: =QUOTIENT(J101,D101) -> 394 | L101: 0 | M101: =QUOTIENT(L101,D101) -> 0 | N101: NON | O101: 2
A102: PC | B102: M.PC.1 | C102: M | D102: 0.0164 | E102: 46091 | F102: =SUM(H102,J102,L102) -> 19 | G102: =QUOTIENT(F102,D102) -> 1158 | H102: 10 | I102: =QUOTIENT(H102,D102) -> 609 | J102: 7 | K102: =QUOTIENT(J102,D102) -> 426 | L102: 2 | M102: =QUOTIENT(L102,D102) -> 121 | N102: NON | O102: 3 | P102: Weird
A103: PC | B103: M.PC.2 | C103: M | D103: 0.0165 | E103: 46091 | F103: =SUM(H103,J103,L103) -> 11 | G103: =QUOTIENT(F103,D103) -> 666 | H103: 7 | I103: =QUOTIENT(H103,D103) -> 424 | J103: 3 | K103: =QUOTIENT(J103,D103) -> 181 | L103: 1 | M103: =QUOTIENT(L103,D103) -> 60 | N103: NON | O103: 3
A104: PC | B104: M.PC.3 | C104: M | D104: 0.0324 | E104: 46091 | F104: =SUM(H104,J104,L104) -> 9 | G104: =QUOTIENT(F104,D104) -> 277 | H104: 8 | I104: =QUOTIENT(H104,D104) -> 246 | J104: 1 | K104: =QUOTIENT(J104,D104) -> 30 | L104: 0 | M104: =QUOTIENT(L104,D104) -> 0 | N104: NON | O104: 3
A105: PC | B105: M.PC.4 | C105: M | D105: 0.0602 | E105: 46091 | F105: =SUM(H105,J105,L105) -> 13 | G105: =QUOTIENT(F105,D105) -> 215 | H105: 10 | I105: =QUOTIENT(H105,D105) -> 166 | J105: 1 | K105: =QUOTIENT(J105,D105) -> 16 | L105: 2 | M105: =QUOTIENT(L105,D105) -> 33 | N105: NON | O105: 3
A106: PC | B106: M.PC.5 | C106: M | D106: 0.0482 | E106: 46091 | F106: =SUM(H106,J106,L106) -> 17 | G106: =QUOTIENT(F106,D106) -> 352 | H106: 9 | I106: =QUOTIENT(H106,D106) -> 186 | J106: 8 | K106: =QUOTIENT(J106,D106) -> 165 | L106: 0 | M106: =QUOTIENT(L106,D106) -> 0 | N106: NON | O106: 3
A107: PC | B107: M.PC.6 | C107: M | D107: 0.0202 | E107: 46091 | F107: =SUM(H107,J107,L107) -> 5 | G107: =QUOTIENT(F107,D107) -> 247 | H107: 2 | I107: =QUOTIENT(H107,D107) -> 99 | J107: 2 | K107: =QUOTIENT(J107,D107) -> 99 | L107: 1 | M107: =QUOTIENT(L107,D107) -> 49 | N107: NON | O107: 3
A108: PC | B108: M.PC.7 | C108: M | D108: 0.0246 | E108: 46091 | F108: =SUM(H108,J108,L108) -> 11 | G108: =QUOTIENT(F108,D108) -> 447 | H108: 6 | I108: =QUOTIENT(H108,D108) -> 243 | J108: 5 | K108: =QUOTIENT(J108,D108) -> 203 | L108: 0 | M108: =QUOTIENT(L108,D108) -> 0 | N108: NON | O108: 3
A109: PC | B109: M.PC.8 | C109: M | D109: 0.0327 | E109: 46091 | F109: =SUM(H109,J109,L109) -> 3 | G109: =QUOTIENT(F109,D109) -> 91 | H109: 2 | I109: =QUOTIENT(H109,D109) -> 61 | J109: 1 | K109: =QUOTIENT(J109,D109) -> 30 | L109: 0 | M109: =QUOTIENT(L109,D109) -> 0 | N109: NON | O109: 3
A110: PC | B110: M.PC.9 | C110: M | D110: 0.0146 | E110: 46092 | F110: =SUM(H110,J110,L110) -> 8 | G110: =QUOTIENT(F110,D110) -> 547 | H110: 5 | I110: =QUOTIENT(H110,D110) -> 342 | J110: 2 | K110: =QUOTIENT(J110,D110) -> 136 | L110: 1 | M110: =QUOTIENT(L110,D110) -> 68 | N110: NON | O110: 3
A111: PC | B111: M.PC.10 | C111: M | D111: 0.0246 | F111: =SUM(H111,J111,L111) -> 12 | G111: =QUOTIENT(F111,D111) -> 487 | H111: 8 | I111: =QUOTIENT(H111,D111) -> 325 | J111: 3 | K111: =QUOTIENT(J111,D111) -> 121 | L111: 1 | M111: =QUOTIENT(L111,D111) -> 40 | N111: NON | O111: 3
A112: PC | B112: F.PC.11 | C112: F | D112: 0.0159 | F112: =SUM(H112,J112,L112) -> 7 | G112: =QUOTIENT(F112,D112) -> 440 | H112: 6 | I112: =QUOTIENT(H112,D112) -> 377 | J112: 1 | K112: =QUOTIENT(J112,D112) -> 62 | L112: 0 | M112: =QUOTIENT(L112,D112) -> 0 | N112: NON | O112: 3
A113: PC | B113: F.PC.12 | C113: F | D113: 0.0177 | F113: =SUM(H113,J113,L113) -> 5 | G113: =QUOTIENT(F113,D113) -> 282 | H113: 2 | I113: =QUOTIENT(H113,D113) -> 112 | J113: 1 | K113: =QUOTIENT(J113,D113) -> 56 | L113: 2 | M113: =QUOTIENT(L113,D113) -> 112 | N113: NON | O113: 3
A114: PC | B114: F.PC.13 | C114: F | D114: 0.0098 | F114: =SUM(H114,J114,L114) -> 6 | G114: =QUOTIENT(F114,D114) -> 612 | H114: 3 | I114: =QUOTIENT(H114,D114) -> 306 | J114: 2 | K114: =QUOTIENT(J114,D114) -> 204 | L114: 1 | M114: =QUOTIENT(L114,D114) -> 102 | N114: NON | O114: 3
A115: PC | B115: F.PC.14 | C115: F | D115: 0.0256 | F115: =SUM(H115,J115,L115) -> 2 | G115: =QUOTIENT(F115,D115) -> 78 | H115: 1 | I115: =QUOTIENT(H115,D115) -> 39 | J115: 1 | K115: =QUOTIENT(J115,D115) -> 39 | L115: 0 | M115: =QUOTIENT(L115,D115) -> 0 | N115: NON | O115: 3 | P115: Filter accidentally fell upside down
A116: PC | B116: F.PC.15 | C116: F | D116: 0.0427 | F116: =SUM(H116,J116,L116) -> 19 | G116: =QUOTIENT(F116,D116) -> 444 | H116: 10 | I116: =QUOTIENT(H116,D116) -> 234 | J116: 2 | K116: =QUOTIENT(J116,D116) -> 46 | L116: 7 | M116: =QUOTIENT(L116,D116) -> 163 | N116: NON | O116: 3 | P116: lots of timy red fragments, so many that I didn’t bother photographing all of them cuz they likely came from 1 main one
A117: PC | B117: F.PC.16 | C117: F | D117: 0.0236 | F117: =SUM(H117,J117,L117) -> 11 | G117: =QUOTIENT(F117,D117) -> 466 | H117: 10 | I117: =QUOTIENT(H117,D117) -> 423 | J117: 0 | K117: =QUOTIENT(J117,D117) -> 0 | L117: 1 | M117: =QUOTIENT(L117,D117) -> 42 | N117: NON | O117: 3
A118: PC | B118: F.PC.17 | C118: F | D118: 0.0084 | F118: =SUM(H118,J118,L118) -> 6 | G118: =QUOTIENT(F118,D118) -> 714 | H118: 6 | I118: =QUOTIENT(H118,D118) -> 714 | J118: 0 | K118: =QUOTIENT(J118,D118) -> 0 | L118: 0 | M118: =QUOTIENT(L118,D118) -> 0 | N118: NON | O118: 3
A119: PC | B119: F.PC.18 | C119: F | D119: 0.0394 | F119: =SUM(H119,J119,L119) -> 11 | G119: =QUOTIENT(F119,D119) -> 279 | H119: 8 | I119: =QUOTIENT(H119,D119) -> 203 | J119: 3 | K119: =QUOTIENT(J119,D119) -> 76 | L119: 0 | M119: =QUOTIENT(L119,D119) -> 0 | N119: NON | O119: 3
A120: PC | B120: F.PC.19 | C120: F | D120: 0.0181 | F120: =SUM(H120,J120,L120) -> 2 | G120: =QUOTIENT(F120,D120) -> 110 | H120: 1 | I120: =QUOTIENT(H120,D120) -> 55 | J120: 1 | K120: =QUOTIENT(J120,D120) -> 55 | L120: 0 | M120: =QUOTIENT(L120,D120) -> 0 | N120: NON | O120: 3
A121: PC | B121: F.PC.20 | C121: F | D121: 0.0244 | F121: =SUM(H121,J121,L121) -> 2 | G121: =QUOTIENT(F121,D121) -> 81 | H121: 1 | I121: =QUOTIENT(H121,D121) -> 40 | J121: 1 | K121: =QUOTIENT(J121,D121) -> 40 | L121: 0 | M121: =QUOTIENT(L121,D121) -> 0 | N121: NON | O121: 3
F123: =SUM(F2:F121) -> 941

Sheet calcs
A1: *** This sheet should remain hidden ***
C3: Today: | D3: =TODAY() -> 46102
D4: 5
C5: # of rows | D5: =ROWS(Activities[]) -> 22
E6: =NA() -> #N/A
E7: =NA() -> #N/A
E8: =NA() -> #N/A
C9: Window Activities: | D9: =SUMPRODUCT( ((Activities[Start]>=StartDateWindow)+(Activities[End]>=StartDateWindow)>0)*(Activities[Start]<=(StartDateWindow+WindowDays-1)) ) -> 6 | E9: =NA() -> #N/A
D10: 9 | E10: =NA() -> #N/A
D11: =D10-MIN(D10,D9) -> 3 | E11: =NA() -> #N/A
E12: =NA() -> #N/A
E13: =NA() -> #N/A
E14: =NA() -> #N/A
E15: {=INDEX(Activities[Id],MATCH(1, ((Activities[Start]>=StartDateWindow)+(Activities[End]>=StartDateWindow)>0)*(Activities[Start]<=(StartDateWindow+WindowDays-1)), 0))} -> -5 | F15: =OFFSET(E15,-$D$11,) -> #N/A
E16: {=INDEX(Activities[Id],MATCH(1, (Activities[Id]>E15)*((Activities[Start]>=StartDateWindow)+(Activities[End]>=StartDateWindow)>0)*(Activities[Start]<=(StartDateWindow+WindowDays-1)), 0))} -> -4 | F16: =OFFSET(E16,-$D$11,) -> #N/A
E17: {=INDEX(Activities[Id],MATCH(1, (Activities[Id]>E16)*((Activities[Start]>=StartDateWindow)+(Activities[End]>=StartDateWindow)>0)*(Activities[Start]<=(StartDateWindow+WindowDays-1)), 0))} -> -3 | F17: =OFFSET(E17,-$D$11,) -> #N/A
E18: {=INDEX(Activities[Id],MATCH(1, (Activities[Id]>E17)*((Activities[Start]>=StartDateWindow)+(Activities[End]>=StartDateWindow)>0)*(Activities[Start]<=(StartDateWindow+WindowDays-1)), 0))} -> -2 | F18: =OFFSET(E18,-$D$11,) -> -5
E19: {=INDEX(Activities[Id],MATCH(1, (Activities[Id]>E18)*((Activities[Start]>=StartDateWindow)+(Activities[End]>=StartDateWindow)>0)*(Activities[Start]<=(StartDateWindow+WindowDays-1)), 0))} -> 0 | F19: =OFFSET(E19,-$D$11,) -> -4
E20: {=INDEX(Activities[Id],MATCH(1, (Activities[Id]>E19)*((Activities[Start]>=StartDateWindow)+(Activities[End]>=StartDateWindow)>0)*(Activities[Start]<=(StartDateWindow+WindowDays-1)), 0))} -> 1 | F20: =OFFSET(E20,-$D$11,) -> -3
E21: {=INDEX(Activities[Id],MATCH(1, (Activities[Id]>E20)*((Activities[Start]>=StartDateWindow)+(Activities[End]>=StartDateWindow)>0)*(Activities[Start]<=(StartDateWindow+WindowDays-1)), 0))} -> #N/A | F21: =OFFSET(E21,-$D$11,) -> -2
E22: {=INDEX(Activities[Id],MATCH(1, (Activities[Id]>E21)*((Activities[Start]>=StartDateWindow)+(Activities[End]>=StartDateWindow)>0)*(Activities[Start]<=(StartDateWindow+WindowDays-1)), 0))} -> #N/A | F22: =OFFSET(E22,-$D$11,) -> 0
E23: {=INDEX(Activities[Id],MATCH(1, (Activities[Id]>E22)*((Activities[Start]>=StartDateWindow)+(Activities[End]>=StartDateWindow)>0)*(Activities[Start]<=(StartDateWindow+WindowDays-1)), 0))} -> #N/A | F23: =OFFSET(E23,-$D$11,) -> 1
C25: Calc Window Start | D25: =StartDate+WindowOffset -> 46076
C26: Offset | D26: 84
C28: Start | D28: ='Project timeline'!F2 -> 45992
C29: Window | D29: 30
A31: Position | B31: Series | C31: Activity Id | D31: Activity | E31: =StartDateWindow -> 46076 | F31: =E31+1 -> 46077 | G31: =F31+1 -> 46078 | H31: =G31+1 -> 46079 | I31: =H31+1 -> 46080 | J31: =I31+1 -> 46081 | K31: =J31+1 -> 46082 | L31: =K31+1 -> 46083 | M31: =L31+1 -> 46084 | ... AI31: =AH31+1 -> 46106
A32: 11.3 | B32: 1 | C32: =F15 -> #N/A | D32: =INDEX(Activities[[Deadline ]],MATCH($C32,Activities[Id],0)) -> #N/A | E32: =GridCalc -> #N/A | F32: =GridCalc -> #N/A | G32: =GridCalc -> #N/A | H32: =GridCalc -> #N/A | I32: =GridCalc -> #N/A | J32: =GridCalc -> #N/A | K32: =GridCalc -> #N/A | L32: =GridCalc -> #N/A | ... AI32: =GridCalc -> #N/A
A33: =A32-1 -> 10.3 | B33: 2 | C33: =F16 -> #N/A | D33: =INDEX(Activities[[Deadline ]],MATCH($C33,Activities[Id],0)) -> #N/A | E33: =GridCalc -> #N/A | F33: =GridCalc -> #N/A | G33: =GridCalc -> #N/A | H33: =GridCalc -> #N/A | I33: =GridCalc -> #N/A | J33: =GridCalc -> #N/A | K33: =GridCalc -> #N/A | L33: =GridCalc -> #N/A | ... AI33: =GridCalc -> #N/A
A34: =A33-1 -> 9.3 | B34: 3 | C34: =F17 -> #N/A | D34: =INDEX(Activities[[Deadline ]],MATCH($C34,Activities[Id],0)) -> #N/A | E34: =GridCalc -> #N/A | F34: =GridCalc -> #N/A | G34: =GridCalc -> #N/A | H34: =GridCalc -> #N/A | I34: =GridCalc -> #N/A | J34: =GridCalc -> #N/A | K34: =GridCalc -> #N/A | L34: =GridCalc -> #N/A | ... AI34: =GridCalc -> #N/A
A35: =A34-1 -> 8.3 | B35: 4 | C35: =F18 -> -5 | D35: =INDEX(Activities[[Deadline ]],MATCH($C35,Activities[Id],0)) -> Methods and data analysis due | E35: =GridCalc -> #N/A | F35: =GridCalc -> #N/A | G35: =GridCalc -> 8.3 | H35: =GridCalc -> 8.3 | I35: =GridCalc -> 8.3 | J35: =GridCalc -> 8.3 | K35: =GridCalc -> 8.3 | L35: =GridCalc -> 8.3 | ... AI35: =GridCalc -> #N/A
A36: =A35-1 -> 7.3 | B36: 5 | C36: =F19 -> -4 | D36: =INDEX(Activities[[Deadline ]],MATCH($C36,Activities[Id],0)) -> Formal round table meeting with mentor | E36: =GridCalc -> 7.3 | F36: =GridCalc -> 7.3 | G36: =GridCalc -> 7.3 | H36: =GridCalc -> 7.3 | I36: =GridCalc -> 7.3 | J36: =GridCalc -> #N/A | K36: =GridCalc -> #N/A | L36: =GridCalc -> #N/A | ... AI36: =GridCalc -> #N/A
A37: =A36-1 -> 6.3 | B37: 6 | C37: =F20 -> -3 | D37: =INDEX(Activities[[Deadline ]],MATCH($C37,Activities[Id],0)) -> STAGE THREE | E37: =GridCalc -> 6.3 | F37: =GridCalc -> #N/A | G37: =GridCalc -> #N/A | H37: =GridCalc -> #N/A | I37: =GridCalc -> #N/A | J37: =GridCalc -> #N/A | K37: =GridCalc -> #N/A | L37: =GridCalc -> #N/A | ... AI37: =GridCalc -> #N/A
A38: =A37-1 -> 5.3 | B38: 7 | C38: =F21 -> -2 | D38: =INDEX(Activities[[Deadline ]],MATCH($C38,Activities[Id],0)) -> Initial report due for peer review | E38: =GridCalc -> #N/A | F38: =GridCalc -> #N/A | G38: =GridCalc -> #N/A | H38: =GridCalc -> #N/A | I38: =GridCalc -> #N/A | J38: =GridCalc -> #N/A | K38: =GridCalc -> #N/A | L38: =GridCalc -> #N/A | ... AI38: =GridCalc -> #N/A
A39: =A38-1 -> 4.3 | B39: 8 | C39: =F22 -> 0 | D39: =INDEX(Activities[[Deadline ]],MATCH($C39,Activities[Id],0)) -> Conference abstract due | E39: =GridCalc -> #N/A | F39: =GridCalc -> #N/A | G39: =GridCalc -> #N/A | H39: =GridCalc -> #N/A | I39: =GridCalc -> #N/A | J39: =GridCalc -> #N/A | K39: =GridCalc -> #N/A | L39: =GridCalc -> #N/A | ... AI39: =GridCalc -> #N/A
A40: =A39-1 -> 3.3 | B40: 9 | C40: =F23 -> 1 | D40: =INDEX(Activities[[Deadline ]],MATCH($C40,Activities[Id],0)) -> Check in with mentor | E40: =GridCalc -> #N/A | F40: =GridCalc -> #N/A | G40: =GridCalc -> #N/A | H40: =GridCalc -> #N/A | I40: =GridCalc -> #N/A | J40: =GridCalc -> #N/A | K40: =GridCalc -> #N/A | L40: =GridCalc -> #N/A | ... AI40: =GridCalc -> #N/A
E43: =E31 -> 46076 | F43: =F31 -> 46077 | G43: =G31 -> 46078 | H43: =H31 -> 46079 | I43: =I31 -> 46080 | J43: =J31 -> 46081 | K43: =K31 -> 46082 | L43: =L31 -> 46083 | ... AH43: =AH31 -> 46105
C44: =C32 -> #N/A | D44: =UPPER(INDEX(Activities[[Deadline ]],MATCH($C44,Activities[Id],0))) -> #N/A | E44: =IF(ISERROR(F32),E32,NA()) -> #N/A | F44: =IF(ISERROR(G32),F32,NA()) -> #N/A | G44: =IF(ISERROR(H32),G32,NA()) -> #N/A | H44: =IF(ISERROR(I32),H32,NA()) -> #N/A | I44: =IF(ISERROR(J32),I32,NA()) -> #N/A | J44: =IF(ISERROR(K32),J32,NA()) -> #N/A | K44: =IF(ISERROR(L32),K32,NA()) -> #N/A | L44: =IF(ISERROR(M32),L32,NA()) -> #N/A | ... AH44: =IF(ISERROR(AI32),AH32,NA()) -> #N/A
C45: =C33 -> #N/A | D45: =UPPER(INDEX(Activities[[Deadline ]],MATCH($C45,Activities[Id],0))) -> #N/A | E45: =IF(ISERROR(F33),E33,NA()) -> #N/A | F45: =IF(ISERROR(G33),F33,NA()) -> #N/A | G45: =IF(ISERROR(H33),G33,NA()) -> #N/A | H45: =IF(ISERROR(I33),H33,NA()) -> #N/A | I45: =IF(ISERROR(J33),I33,NA()) -> #N/A | J45: =IF(ISERROR(K33),J33,NA()) -> #N/A | K45: =IF(ISERROR(L33),K33,NA()) -> #N/A | L45: =IF(ISERROR(M33),L33,NA()) -> #N/A | ... AH45: =IF(ISERROR(AI33),AH33,NA()) -> #N/A
C46: =C34 -> #N/A | D46: =UPPER(INDEX(Activities[[Deadline ]],MATCH($C46,Activities[Id],0))) -> #N/A | E46: =IF(ISERROR(F34),E34,NA()) -> #N/A | F46: =IF(ISERROR(G34),F34,NA()) -> #N/A | G46: =IF(ISERROR(H34),G34,NA()) -> #N/A | H46: =IF(ISERROR(I34),H34,NA()) -> #N/A | I46: =IF(ISERROR(J34),I34,NA()) -> #N/A | J46: =IF(ISERROR(K34),J34,NA()) -> #N/A | K46: =IF(ISERROR(L34),K34,NA()) -> #N/A | L46: =IF(ISERROR(M34),L34,NA()) -> #N/A | ... AH46: =IF(ISERROR(AI34),AH34,NA()) -> #N/A
C47: =C35 -> -5 | D47: =UPPER(INDEX(Activities[[Deadline ]],MATCH($C47,Activities[Id],0))) -> METHODS AND DATA ANALYSIS DUE | E47: =IF(ISERROR(F35),E35,NA()) -> #N/A | F47: =IF(ISERROR(G35),F35,NA()) -> #N/A | G47: =IF(ISERROR(H35),G35,NA()) -> #N/A | H47: =IF(ISERROR(I35),H35,NA()) -> #N/A | I47: =IF(ISERROR(J35),I35,NA()) -> #N/A | J47: =IF(ISERROR(K35),J35,NA()) -> #N/A | K47: =IF(ISERROR(L35),K35,NA()) -> #N/A | L47: =IF(ISERROR(M35),L35,NA()) -> 8.3 | ... AH47: =IF(ISERROR(AI35),AH35,NA()) -> #N/A
C48: =C36 -> -4 | D48: =UPPER(INDEX(Activities[[Deadline ]],MATCH($C48,Activities[Id],0))) -> FORMAL ROUND TABLE MEETING WITH MENTOR | E48: =IF(ISERROR(F36),E36,NA()) -> #N/A | F48: =IF(ISERROR(G36),F36,NA()) -> #N/A | G48: =IF(ISERROR(H36),G36,NA()) -> #N/A | H48: =IF(ISERROR(I36),H36,NA()) -> #N/A | I48: =IF(ISERROR(J36),I36,NA()) -> 7.3 | J48: =IF(ISERROR(K36),J36,NA()) -> #N/A | K48: =IF(ISERROR(L36),K36,NA()) -> #N/A | L48: =IF(ISERROR(M36),L36,NA()) -> #N/A | ... AH48: =IF(ISERROR(AI36),AH36,NA()) -> #N/A
C49: =C37 -> -3 | D49: =UPPER(INDEX(Activities[[Deadline ]],MATCH($C49,Activities[Id],0))) -> STAGE THREE | E49: =IF(ISERROR(F37),E37,NA()) -> 6.3 | F49: =IF(ISERROR(G37),F37,NA()) -> #N/A | G49: =IF(ISERROR(H37),G37,NA()) -> #N/A | H49: =IF(ISERROR(I37),H37,NA()) -> #N/A | I49: =IF(ISERROR(J37),I37,NA()) -> #N/A | J49: =IF(ISERROR(K37),J37,NA()) -> #N/A | K49: =IF(ISERROR(L37),K37,NA()) -> #N/A | L49: =IF(ISERROR(M37),L37,NA()) -> #N/A | ... AH49: =IF(ISERROR(AI37),AH37,NA()) -> #N/A
C50: =C38 -> -2 | D50: =UPPER(INDEX(Activities[[Deadline ]],MATCH($C50,Activities[Id],0))) -> INITIAL REPORT DUE FOR PEER REVIEW | E50: =IF(ISERROR(F38),E38,NA()) -> #N/A | F50: =IF(ISERROR(G38),F38,NA()) -> #N/A | G50: =IF(ISERROR(H38),G38,NA()) -> #N/A | H50: =IF(ISERROR(I38),H38,NA()) -> #N/A | I50: =IF(ISERROR(J38),I38,NA()) -> #N/A | J50: =IF(ISERROR(K38),J38,NA()) -> #N/A | K50: =IF(ISERROR(L38),K38,NA()) -> #N/A | L50: =IF(ISERROR(M38),L38,NA()) -> #N/A | ... AH50: =IF(ISERROR(AI38),AH38,NA()) -> #N/A
C51: =C39 -> 0 | D51: =UPPER(INDEX(Activities[[Deadline ]],MATCH($C51,Activities[Id],0))) -> CONFERENCE ABSTRACT DUE | E51: =IF(ISERROR(F39),E39,NA()) -> #N/A | F51: =IF(ISERROR(G39),F39,NA()) -> #N/A | G51: =IF(ISERROR(H39),G39,NA()) -> #N/A | H51: =IF(ISERROR(I39),H39,NA()) -> #N/A | I51: =IF(ISERROR(J39),I39,NA()) -> #N/A | J51: =IF(ISERROR(K39),J39,NA()) -> #N/A | K51: =IF(ISERROR(L39),K39,NA()) -> #N/A | L51: =IF(ISERROR(M39),L39,NA()) -> #N/A | ... AH51: =IF(ISERROR(AI39),AH39,NA()) -> #N/A
C52: =C40 -> 1 | D52: =UPPER(INDEX(Activities[[Deadline ]],MATCH($C52,Activities[Id],0))) -> CHECK IN WITH MENTOR | E52: =IF(ISERROR(F40),E40,NA()) -> #N/A | F52: =IF(ISERROR(G40),F40,NA()) -> #N/A | G52: =IF(ISERROR(H40),G40,NA()) -> #N/A | H52: =IF(ISERROR(I40),H40,NA()) -> #N/A | I52: =IF(ISERROR(J40),I40,NA()) -> #N/A | J52: =IF(ISERROR(K40),J40,NA()) -> #N/A | K52: =IF(ISERROR(L40),K40,NA()) -> #N/A | L52: =IF(ISERROR(M40),L40,NA()) -> #N/A | ... AH52: =IF(ISERROR(AI40),AH40,NA()) -> #N/A
E55: =E31 -> 46076 | F55: =F31 -> 46077 | G55: =G31 -> 46078 | H55: =H31 -> 46079 | I55: =I31 -> 46080 | J55: =J31 -> 46081 | K55: =K31 -> 46082 | L55: =L31 -> 46083 | ... AH55: =AH31 -> 46105
D56: Current Day | E56: =IF(E55=$D$3,5,NA()) -> #N/A | F56: =IF(F55=$D$3,5,NA()) -> #N/A | G56: =IF(G55=$D$3,5,NA()) -> #N/A | H56: =IF(H55=$D$3,5,NA()) -> #N/A | I56: =IF(I55=$D$3,5,NA()) -> #N/A | J56: =IF(J55=$D$3,5,NA()) -> #N/A | K56: =IF(K55=$D$3,5,NA()) -> #N/A | L56: =IF(L55=$D$3,5,NA()) -> #N/A | ... AH56: =IF(AH55=$D$3,5,NA()) -> #N/A
D58: =DATE(YEAR(MIN(E55:AH55)),MONTH(MIN(E55:AH55)),1) -> 46054 | E58: =IF(MEDIAN($D58,E$55,EOMONTH($D58,0))=E$55,0.5,NA()) -> 0.5 | F58: =IF(MEDIAN($D58,F$55,EOMONTH($D58,0))=F$55,0.5,NA()) -> 0.5 | G58: =IF(MEDIAN($D58,G$55,EOMONTH($D58,0))=G$55,0.5,NA()) -> 0.5 | H58: =IF(MEDIAN($D58,H$55,EOMONTH($D58,0))=H$55,0.5,NA()) -> 0.5 | I58: =IF(MEDIAN($D58,I$55,EOMONTH($D58,0))=I$55,0.5,NA()) -> 0.5 | J58: =IF(MEDIAN($D58,J$55,EOMONTH($D58,0))=J$55,0.5,NA()) -> 0.5 | K58: =IF(MEDIAN($D58,K$55,EOMONTH($D58,0))=K$55,0.5,NA()) -> #N/A | L58: =IF(MEDIAN($D58,L$55,EOMONTH($D58,0))=L$55,0.5,NA()) -> #N/A | ... AH58: =IF(MEDIAN($D58,AH$55,EOMONTH($D58,0))=AH$55,0.5,NA()) -> #N/A
D59: =TEXT(D58,"mmm yyyy") & " - Top Band" -> Feb 2026 - Top Band | E59: =E58+12.5 -> 13 | F59: =F58+12.5 -> 13 | G59: =G58+12.5 -> 13 | H59: =H58+12.5 -> 13 | I59: =I58+12.5 -> 13 | J59: =J58+12.5 -> 13 | K59: =K58+12.5 -> #N/A | L59: =L58+12.5 -> #N/A | ... AH59: =AH58+12.5 -> #N/A
D61: =EOMONTH(D58,0)+1 -> 46082 | E61: =IF(MEDIAN($D61,E$55,EOMONTH($D61,0))=E$55,0.5,NA()) -> #N/A | F61: =IF(MEDIAN($D61,F$55,EOMONTH($D61,0))=F$55,0.5,NA()) -> #N/A | G61: =IF(MEDIAN($D61,G$55,EOMONTH($D61,0))=G$55,0.5,NA()) -> #N/A | H61: =IF(MEDIAN($D61,H$55,EOMONTH($D61,0))=H$55,0.5,NA()) -> #N/A | I61: =IF(MEDIAN($D61,I$55,EOMONTH($D61,0))=I$55,0.5,NA()) -> #N/A | J61: =IF(MEDIAN($D61,J$55,EOMONTH($D61,0))=J$55,0.5,NA()) -> #N/A | K61: =IF(MEDIAN($D61,K$55,EOMONTH($D61,0))=K$55,0.5,NA()) -> 0.5 | L61: =IF(MEDIAN($D61,L$55,EOMONTH($D61,0))=L$55,0.5,NA()) -> 0.5 | ... AH61: =IF(MEDIAN($D61,AH$55,EOMONTH($D61,0))=AH$55,0.5,NA()) -> 0.5
D62: =TEXT(D61,"mmm yyyy") & " - Top Band" -> Mar 2026 - Top Band | E62: =E61+12.5 -> #N/A | F62: =F61+12.5 -> #N/A | G62: =G61+12.5 -> #N/A | H62: =H61+12.5 -> #N/A | I62: =I61+12.5 -> #N/A | J62: =J61+12.5 -> #N/A | K62: =K61+12.5 -> 13 | L62: =L61+12.5 -> 13 | ... AH62: =AH61+12.5 -> 13
D65: =D58+1 -> 46055 | E65: =IF(MEDIAN($D65,E$55)=E$55,0.5,NA()) -> #N/A | F65: =IF(MEDIAN($D65,F$55)=F$55,0.5,NA()) -> #N/A | G65: =IF(MEDIAN($D65,G$55)=G$55,0.5,NA()) -> #N/A | H65: =IF(MEDIAN($D65,H$55)=H$55,0.5,NA()) -> #N/A | I65: =IF(MEDIAN($D65,I$55)=I$55,0.5,NA()) -> #N/A | J65: =IF(MEDIAN($D65,J$55)=J$55,0.5,NA()) -> #N/A | K65: =IF(MEDIAN($D65,K$55)=K$55,0.5,NA()) -> #N/A | L65: =IF(MEDIAN($D65,L$55)=L$55,0.5,NA()) -> #N/A | ... AH65: =IF(MEDIAN($D65,AH$55)=AH$55,0.5,NA()) -> #N/A
D66: =D61+1 -> 46083 | E66: =IF(MEDIAN($D66,E$55)=E$55,0.5,NA()) -> #N/A | F66: =IF(MEDIAN($D66,F$55)=F$55,0.5,NA()) -> #N/A | G66: =IF(MEDIAN($D66,G$55)=G$55,0.5,NA()) -> #N/A | H66: =IF(MEDIAN($D66,H$55)=H$55,0.5,NA()) -> #N/A | I66: =IF(MEDIAN($D66,I$55)=I$55,0.5,NA()) -> #N/A | J66: =IF(MEDIAN($D66,J$55)=J$55,0.5,NA()) -> #N/A | K66: =IF(MEDIAN($D66,K$55)=K$55,0.5,NA()) -> #N/A | L66: =IF(MEDIAN($D66,L$55)=L$55,0.5,NA()) -> 0.5 | ... AH66: =IF(MEDIAN($D66,AH$55)=AH$55,0.5,NA()) -> #N/A
E69: 2.3 | F69: =E69 -> 2.3 | G69: =F69 -> 2.3 | H69: =G69 -> 2.3 | I69: =H69 -> 2.3 | J69: =I69 -> 2.3 | K69: =J69 -> 2.3 | L69: =K69 -> 2.3 | M69: =L69 -> 2.3 | ... AH69: =AG69 -> 2.3
D70: 3 | E70: =LEFT(UPPER(TEXT(E55,"ddd")),$D70) -> MON | F70: =LEFT(UPPER(TEXT(F55,"ddd")),$D70) -> TUE | G70: =LEFT(UPPER(TEXT(G55,"ddd")),$D70) -> WED | H70: =LEFT(UPPER(TEXT(H55,"ddd")),$D70) -> THU | I70: =LEFT(UPPER(TEXT(I55,"ddd")),$D70) -> FRI | J70: =LEFT(UPPER(TEXT(J55,"ddd")),$D70) -> SAT | K70: =LEFT(UPPER(TEXT(K55,"ddd")),$D70) -> SUN | L70: =LEFT(UPPER(TEXT(L55,"ddd")),$D70) -> MON | ... AH70: =LEFT(UPPER(TEXT(AH55,"ddd")),$D70) -> TUE
E71: 1.3 | F71: =E71 -> 1.3 | G71: =F71 -> 1.3 | H71: =G71 -> 1.3 | I71: =H71 -> 1.3 | J71: =I71 -> 1.3 | K71: =J71 -> 1.3 | L71: =K71 -> 1.3 | M71: =L71 -> 1.3 | ... AH71: =AG71 -> 1.3
E72: =TEXT(E55,"dd") -> 23 | F72: =TEXT(F55,"dd") -> 24 | G72: =TEXT(G55,"dd") -> 25 | H72: =TEXT(H55,"dd") -> 26 | I72: =TEXT(I55,"dd") -> 27 | J72: =TEXT(J55,"dd") -> 28 | K72: =TEXT(K55,"dd") -> 01 | L72: =TEXT(L55,"dd") -> 02 | ... AH72: =TEXT(AH55,"dd") -> 24
